id,name,surname,birthdate,email
0,Claudia,Cavanna,16/08/1998,giosuegreco@luxardo.com
1,Gianluca,Draghi,07/06/1995,federigoparpinel@tim.it
2,Antonino,Cignaroli,22/06/1933,mcherubini@guidotti-tirabassi.it
3,Annamaria,Sanudo,27/07/1975,vincenzaeinaudi@grasso.it
4,Sophia,Gualtieri,09/07/1988,reniercorrado@tin.it
5,Damiano,Baglioni,09/06/1941,fredoscarpa@libero.it
6,Annamaria,Vigliotti,19/01/1975,alberico79@mengolo-cimini.it
7,Alessio,Maffei,15/08/1994,teresacasale@lucciano.com
8,Tatiana,Sollima,19/01/1995,azeglio80@gagliano.eu
9,Giuliana,Cavanna,22/09/2002,fernanda99@hotmail.com
10,Gino,Bernardi,17/02/1991,marissa94@colletti.net
11,Maura,Giusti,09/04/1991,susanna51@gasperi-baroffio.it
12,Lauretta,Jilani,20/02/1978,cassandramonicelli@gatto-camuccini.net
13,Dario,Albertini,06/06/1980,roberta80@virgilio.it
14,Augusto,Ruffini,07/02/1985,lcardano@tiscali.it
15,Santino,Ginesio,26/03/1972,callegarocaterina@libero.it
16,Nico,Scarlatti,04/01/1999,piacentinielvira@vodafone.it
17,Benvenuto,Volta,18/09/1977,trevisanichiara@castelli-babbo.com
18,Baccio,Frescobaldi,03/02/1993,piermaria22@live.com
19,Ruggero,Sonnino,09/06/1991,tpratesi@hotmail.com
20,Piergiorgio,Luria,31/12/1986,qmagnani@tele2.it
21,Coluccio,Trussardi,31/12/1943,bompianimaurilio@poste.it
22,Claudio,Majorana,20/10/1982,dario29@live.com
23,Dino,Nolcini,17/11/1993,gioffre02@colletti-moccia.com
24,Coriolano,Gottardi,20/08/1993,collettisantino@doglioni.eu
25,Marcella,Turati,12/07/1939,ezanzi@verdone.it
26,Alphons,Peruzzi,02/09/1961,alfio82@albertini.it
27,Fabrizio,Priuli,23/02/1988,vianellonedda@maggioli.net
28,Toni,Ruffini,12/08/1933,kbotta@fogazzaro.it
29,Annibale,Navarria,06/06/1934,tiziano45@tassoni-vendetti.net
30,Vincentio,Favata,22/03/1968,udinesepiergiorgio@platini.com
31,Maurizio,Foscari,26/11/2004,domenicocalvo@libero.it
32,Azeglio,Fibonacci,28/06/1953,camillaraimondi@mazzocchi.it
33,Amleto,Pizziol,18/06/1983,xjuvara@yahoo.com
34,Amanda,Udinesi,30/07/2003,vito21@infantino.it
35,Romina,Odescalchi,18/12/1952,bettinabaglioni@argurio.it
36,Hugo,Orengo,11/10/2002,epininfarina@tele2.it
37,Giuliano,Boitani,10/04/1951,gilberto10@michelangeli.it
38,Imelda,Paolucci,15/03/1989,grassidurante@live.com
39,Ubaldo,Ungaretti,10/11/1950,alessiapertini@norbiato.com
40,Liliana,Babato,07/06/1996,fortunatamoretti@guinizzelli.com
41,Fredo,Dalla,17/02/1962,amalia32@foscari-trevisani.com
42,Jacopo,Michelangeli,03/10/1989,flavia47@virgilio.it
43,Lucrezia,Orengo,20/12/1941,lporzio@libero.it
44,Ivan,Schiavone,11/07/1946,stuzzolino@cipolla-bulzoni.com
45,Michelangelo,Toscanini,11/03/1955,manuelcheda@carocci.it
46,Fabrizio,Argurio,17/05/1934,valerio86@ramazzotti.it
47,Ettore,Colletti,27/05/1984,manuelgiannuzzi@tresoldi-gianetti.com
48,Aurora,Zeffirelli,17/10/1966,gabriele09@coardi-cicala.it
49,Barbara,Panicucci,29/03/1965,fargentero@bosurgi.it
50,Eleanora,Zanazzo,26/01/1975,ygradenigo@renault.com
51,Domenico,Ferragamo,05/09/1963,pellegrino05@hotmail.it
52,Ferdinando,Ruffini,24/05/1979,ugelli@papafava.it
53,Ivan,Cafarchia,11/07/1956,durantevalier@hotmail.it
54,Luca,Treves,01/07/1942,eleanora66@tiscali.it
55,Alberico,Vezzali,13/03/1941,rorsini@panatta.net
56,Massimiliano,Turchetta,21/07/1947,npometta@gmail.com
57,Adriano,Chigi,10/08/1968,fornaciaribartolomeo@gmail.com
58,Gian,Galilei,18/12/1973,gianlucasalata@virgilio.it
59,Ricciotti,Leonetti,14/05/1967,majewskifiorenzo@crispi.com
60,Raffaello,Frescobaldi,25/08/1973,gianfrancesco53@live.com
61,Adelasia,Ludovisi,09/12/1975,smicca@libero.it
62,Enzo,Torlonia,15/08/1998,vabba@virgilio.it
63,Severino,Asmundo,19/03/1959,opanatta@fantoni.com
64,Nicoletta,Castiglione,01/10/1957,giancarlogarrone@gmail.com
65,Germana,Greggio,15/12/1932,fabia59@hotmail.com
66,Rosa,Gigli,06/07/1965,romina83@monte.net
67,Benito,Battelli,26/12/1971,robertoregge@badoglio.net
68,Hugo,Tiepolo,24/12/1947,parideangiolello@libero.it
69,Raimondo,Mazzi,19/07/2002,vpacetti@dibiasi.com
70,Daniele,Favata,26/11/1970,tina90@chiappetta.com
71,Girolamo,Udinesi,11/08/1958,pbaresi@nordio.it
72,Elvira,Marcacci,05/05/1949,coccicarmelo@vodafone.it
73,Alessandra,Tosto,23/10/1945,veronicatrapanese@poste.it
74,Martino,Chiappetta,03/10/1972,iolandagentileschi@rinaldi-biagiotti.it
75,Coriolano,Faranda,16/11/1998,fbiagiotti@jovinelli.net
76,Marco,Iannelli,01/04/1949,arnaldofermi@alice.it
77,Livia,Tognazzi,01/10/1982,dionigi61@gmail.com
78,Benedetto,Mascheroni,12/03/1955,giannettigiorgio@prati.net
79,Adriano,Argurio,26/08/1962,zaccagninisandro@bevilacqua-zichichi.org
80,Ezio,Durante,13/08/1996,morucciatenulf@muti-malpighi.it
81,Vittoria,Chindamo,13/05/1949,gioffrecasalodi@outlook.com
82,Iolanda,Rossi,11/06/1998,giuliettazabarella@outlook.com
83,Eleanora,Cagnotto,03/11/1947,vecoliromina@bajardi-foconi.net
84,Baccio,Versace,30/07/1988,morenacarpaccio@almagia.it
85,Maura,Fermi,29/09/1955,panzeravirginia@mastroianni-accardo.net
86,Daria,Toselli,03/04/1957,torquato58@sbarbaro.it
87,Puccio,Goldoni,25/10/1954,contarinimilo@poste.it
88,Rita,Mannoia,17/12/1951,flaviorismondo@virgilio.it
89,Renzo,Garzoni,25/08/1945,mutiluigi@tim.it
90,Paolo,Marinetti,06/03/1954,marisa63@nolcini.com
91,Hugo,Fantini,09/11/1996,lolitasonnino@castelli.it
92,Antonino,Interminei,21/08/1997,boccionimarissa@virgilio.it
93,Mauro,Sbarbaro,23/02/1936,mariabarracco@verri-grasso.com
94,Gianna,Odescalchi,30/05/1975,tguarana@garobbio.it
95,Tiziano,Ruffini,10/06/1958,susannaortolani@pigafetta.org
96,Liliana,Verdi,10/07/1941,borgiaadelasia@tim.it
97,Pellegrino,Grimani,10/11/1979,valguarnerasalvatore@yahoo.com
98,Flavia,Costalonga,14/09/1963,largento@emo.com
99,Adelasia,Gulotta,02/06/1999,michelangelofibonacci@maderno.it
100,Elisa,Goldoni,17/10/1948,gibiliscomilena@cadorna.org
101,Leone,Tomasetti,12/01/1990,neddaborrani@tele2.it
102,Gianluigi,Casagrande,07/02/1963,antoninoiacovelli@gualtieri-sandi.com
103,Tiziana,Lanfranchi,15/11/1960,giannottirosa@vodafone.it
104,Roberto,Bondumier,06/07/1999,martinoveltroni@tele2.it
105,Benvenuto,Treccani,17/05/1999,batagliaadelmo@tim.it
106,Amleto,Tiepolo,08/06/1978,lsoderini@versace.org
107,Manuel,Maderno,15/02/1968,leoncavallomorena@live.com
108,Ferdinando,Trobbiani,14/05/2005,emobenvenuto@tele2.it
109,Coriolano,Alboni,24/05/1959,bassinanni@tim.it
110,Natalia,Foletti,06/11/1937,fabriziobasadonna@gmail.com
111,Gionata,Giannetti,24/02/1955,bmengolo@hotmail.com
112,Adele,Luria,24/08/1999,lovatomatilda@gmail.com
113,Delfino,Mancini,26/02/1953,ninetta92@cutuli.it
114,Erika,Zaguri,18/01/1999,tamburienzo@virgilio.it
115,Vanessa,Burcardo,13/10/1952,lucianoottino@fastwebnet.it
116,Cristina,Canetta,27/11/1940,alderano02@yahoo.com
117,Elmo,Giacconi,10/04/1944,jroccabonella@bernini.eu
118,Goffredo,Bassi,26/07/1941,rmigliaccio@ferrazzi.org
119,Donato,Caracciolo,13/12/1980,mariana97@vodafone.it
120,Susanna,Bottaro,01/10/1935,egiannotti@alice.it
121,Aldo,Bottaro,28/06/1975,pgianetti@padovano.net
122,Giulio,Impastato,06/01/1994,cristinarusticucci@scarfoglio.eu
123,Bernardo,Zichichi,02/05/1964,filippagovoni@alice.it
124,Ermenegildo,Coppola,09/05/1958,afagotto@norbiato.net
125,Fabia,Donarelli,29/01/1968,draghidaria@sauli.eu
126,Gianfranco,Columbo,25/04/1983,fbrancaccio@tele2.it
127,Mauro,Ottino,29/12/1947,ubaldinadia@libero.it
128,Giacinto,Sauli,02/07/1955,umbertocorcos@hotmail.com
129,Livio,Orlando,02/02/1944,serlupialessandro@baresi.org
130,Fedele,Casalodi,14/01/1993,azegliosmirnoff@gregorio.com
131,Telemaco,Almagià,31/05/1998,romolobombieri@goldoni.it
132,Tatiana,Bartoli,12/05/1992,enzodoglioni@malpighi-pagnotto.com
133,Alessio,Colletti,07/04/1988,carlasurian@giusti.net
134,Fulvio,Mazzini,16/01/1981,liberto89@zeffirelli-vercelloni.org
135,Graziano,Avogadro,08/02/1970,egucci@valmarana-monicelli.com
136,Lolita,Pennetta,14/02/1955,marianamercadante@poste.it
137,Letizia,Monti,04/09/1959,silviovespucci@condoleo.eu
138,Graziella,Gualandi,09/01/1998,cesaregaleati@niscoromni-anastasi.eu
139,Alessio,Bajardi,20/01/2003,xmercalli@hotmail.it
140,Aurora,Tassoni,29/05/1976,ida07@poste.it
141,Livia,Antonioni,09/08/1990,pierinacolletti@gmail.com
142,Patrizio,Franceschi,05/09/1974,soderinilando@solari.net
143,Marcella,Iacobucci,26/05/1951,jferrabosco@tiscali.it
144,Erika,Serraglio,21/06/1969,biagiojacuzzi@tin.it
145,Agostino,Matteotti,01/11/2004,nino10@tin.it
146,Napoleone,Balla,23/02/1992,btrezzini@togliatti.it
147,Marcantonio,Beccheria,01/04/1962,npetrucelli@guarana.it
148,Fredo,Vergerio,15/06/1965,tozzilina@peruzzi.com
149,Giustino,Fabbri,06/07/1997,zrapisardi@gmail.com
150,Elladio,Merisi,15/07/1952,satrianigiuliano@pirandello.it
151,Luciano,Sansoni,20/07/1949,lauraferretti@hotmail.com
152,Eva,Agostini,25/01/1961,evangelistafrescobaldi@rusticucci.it
153,Antonella,Nosiglia,07/09/1946,venditticecilia@gmail.com
154,Aldo,Musatti,07/05/1956,romeo80@yahoo.com
155,Lamberto,Bossi,08/07/1992,pomponiobernini@yahoo.com
156,Ivan,Guarato,19/04/1945,greca65@serao.it
157,Marcantonio,Maggioli,03/12/1989,bragadindario@gucci.com
158,Victoria,Gentilini,16/09/2004,raffaellogabba@contarini.eu
159,Flavio,Farnese,09/02/1952,xsbarbaro@alice.it
160,Matteo,Sabbatini,19/10/1983,hugo41@tiscali.it
161,Romolo,Pisano,14/01/1961,camillaiannuzzi@gmail.com
162,Gioachino,Persico,06/07/1945,antoniettafilogamo@gmail.com
163,Stefano,Tagliafierro,05/02/2002,viridianasismondi@dellucci-cipolla.net
164,Milena,Guidone,10/10/1993,toniavergassola@pignatti-gianinazzi.com
165,Graziella,Ricciardi,08/11/1959,acerquiglini@yahoo.com
166,Eleanora,Taliercio,27/08/1984,gioffremagnani@tele2.it
167,Stefania,Montanariello,18/10/2002,garibalditiziana@tiscali.it
168,Livio,Balla,12/06/1937,amerisi@libero.it
169,Achille,Zola,14/10/1991,pausiniraffaellino@babati.eu
170,Maria,Morellato,02/12/1945,terragniuberto@tiscali.it
171,Nicoletta,Coppola,28/07/1962,gradenigonino@petrucci.com
172,Gionata,Ficino,12/09/1997,vitogiulietti@sinisi.com
173,Giosuè,Montecchi,24/08/1958,augusto55@poste.it
174,Lucia,Liverotti,28/08/1992,giulietticesare@parmitano.org
175,Raffaellino,Sabatini,17/03/1982,verrilauretta@gmail.com
176,Marina,Maggioli,05/12/1969,giovannaspallanzani@gmail.com
177,Rosina,Falcone,28/09/2004,montanelliezio@libero.it
178,Bettina,Meucci,05/04/1934,cmoretti@borgia.com
179,Roman,Vento,14/12/1969,tatianaossola@casagrande.it
180,Federigo,Gozzano,02/10/1951,qbodoni@gmail.com
181,Laura,Zoppetto,05/09/1981,kfiorucci@vodafone.it
182,Annamaria,Bruno,05/02/1997,vgianetti@libero.it
183,Piergiuseppe,Giulietti,07/10/1985,serraglioeleanora@gmail.com
184,Erika,Balla,07/09/1986,toninellifranco@tiscali.it
185,Bettina,Spinelli,02/01/1969,ravaglioliagnolo@almagia.com
186,Maria,Ariasso,01/04/1948,lianaginese@tin.it
187,Ansaldo,Grimani,26/12/2001,gioffresansoni@pacelli.com
188,Benvenuto,Volterra,19/02/1979,pzoppetti@pacetti.com
189,Angelina,Cipolla,22/10/1937,catalanomaura@libero.it
190,Lamberto,Musatti,02/04/1974,nbottigliero@novaro.com
191,Gioacchino,Paruta,01/04/1980,cantonacci@dossetti.it
192,Flora,Gentili,07/08/1966,scagnin@libero.it
193,Barbara,Luria,08/03/1947,yoffredi@giannini-morellato.eu
194,Emma,Zoppetti,13/01/1956,mazziirma@libero.it
195,Antonella,Soderini,22/09/1955,beffarenzo@maffei-sandi.it
196,Gianpaolo,Carducci,23/08/1937,vscialpi@ceci.org
197,Veronica,Parmitano,30/04/1958,isabellaagazzi@gaggini.com
198,Emma,Surian,17/09/1960,piersanti29@hotmail.it
199,Gian,Comboni,20/01/1981,paganinigiacinto@cutrufo-gonzaga.it
200,Ciro,Correr,10/06/1983,aagostinelli@gmail.com
201,Gelsomina,Folliero,22/12/1963,soniaserraglio@outlook.com
202,Azeglio,Luxardo,29/01/1971,alderanocalbo@roth.com
203,Tiziana,Zacco,13/01/1976,xpapafava@alice.it
204,Gianluca,Moretti,29/12/1962,platinigiulio@calgari.it
205,Lazzaro,Volterra,23/12/1970,maurilio06@libero.it
206,Isa,Scialpi,08/06/1998,federicoenzio@vodafone.it
207,Fabrizio,Malenchini,13/11/1941,lauretta91@libero.it
208,Amedeo,Martinelli,24/01/2000,oforza@govoni-gramsci.eu
209,Arnulfo,Ferrucci,11/06/1971,zanazzodolores@boiardo.com
210,Francesca,Verga,24/01/1997,platinidonna@vodafone.it
211,Adelmo,Boldù,21/11/1985,lina54@rizzoli.it
212,Alessia,Brugnaro,15/02/1941,vanessa29@libero.it
213,Michela,Moccia,08/05/1944,jtoso@pedroni.eu
214,Annetta,Callegaro,01/02/1979,novaromassimo@libero.it
215,Gino,Iannelli,10/10/1963,veronicacesaroni@sorrentino.com
216,Federico,Govoni,11/05/1950,marcello38@virgilio.it
217,Adamo,Guariento,24/03/1936,schicchiantonio@poste.it
218,Ignazio,Basso,10/09/1995,lina16@foa.net
219,Maria,Bianchini,04/11/1943,ugolino41@libero.it
220,Ettore,Mimun,16/05/1936,melissagottardi@caruso.eu
221,Alessandra,Ricciardi,24/02/1939,flavia92@libero.it
222,Giulia,Gullotta,30/04/1997,guicciardiniranieri@druso.it
223,Carmelo,Cignaroli,29/08/1974,morgagniantonietta@tognazzi.com
224,Loredana,Garozzo,30/03/1981,raimondo14@mattarella-beccheria.it
225,Cesare,Sibilia,23/08/1949,raimondo80@guinizzelli-guicciardini.it
226,Graziano,Montesano,03/12/1935,berlusconiroberto@bajardi.it
227,Milena,Vanvitelli,21/05/1987,edoardoleoncavallo@filangieri.com
228,Marta,Torricelli,17/01/1970,romagnoliflavia@outlook.com
229,Amico,Gentili,19/10/2000,umbertolovato@borsellino.eu
230,Eliana,Morandi,14/04/1989,dinalombroso@tiscali.it
231,Eliana,Tonisto,24/03/1959,ruggieribartolomeo@alice.it
232,Laureano,Nicolucci,01/02/1973,maria54@ossani-rossini.org
233,Gemma,Segrè,29/07/1966,lando96@vodafone.it
234,Loretta,Cuzzocrea,16/10/1943,giovanniantonetti@pacillo.com
235,Edoardo,Falcone,02/10/1950,jcesaroni@hotmail.com
236,Veronica,Beffa,12/07/1959,scaleranico@druso.com
237,Monica,Lanfranchi,14/09/1966,dolores87@fastwebnet.it
238,Caterina,Ostinelli,01/03/1981,nico52@tagliafierro.org
239,Morena,Majewski,22/02/1955,giulietta51@fastwebnet.it
240,Costanzo,Cimarosa,31/01/1956,soderinidolores@tiscali.it
241,Daniele,Bocca,31/07/1950,barcellalorenzo@agostinelli.it
242,Umberto,Callegaro,12/05/1989,dionigi40@gmail.com
243,Eraldo,Montanelli,27/06/1976,sraffaromolo@tin.it
244,Marta,Virgilio,01/05/1977,tizianacorrer@aporti-traetta.com
245,Martino,Vezzali,21/02/1963,pierpaolo52@libero.it
246,Alfio,Salvemini,03/07/1963,caraccioloezio@trussardi-prodi.it
247,Achille,Spinola,26/02/1988,gelsomina11@libero.it
248,Luigi,Cuomo,08/06/2005,dceci@bergoglio-borghese.com
249,Cesare,Toscanini,15/06/1997,bellucciclelia@tim.it
250,Tatiana,Donati,15/04/1974,bonolislina@chinnici-romano.org
251,Renata,Grisoni,18/12/1986,sscalfaro@corbo-iadanza.it
252,Roberta,Terragni,23/12/1992,lussuangelica@battaglia-favata.net
253,Eleanora,Satta,22/04/1938,msommaruga@fermi.it
254,Elvira,Trentini,18/06/1999,proiettidiana@spallanzani.it
255,Giulio,Strangio,24/07/1975,tedescoraffaello@outlook.com
256,Achille,Andreozzi,22/09/1935,ofaugno@pisani-sauro.net
257,Elisa,Rossetti,03/01/1936,borsellinodonatella@yahoo.com
258,Rosa,Borromeo,13/07/1945,gfederico@tarantini-folliero.net
259,Gloria,Verga,30/04/1990,filippa14@virgilio.it
260,Lucia,Borromeo,21/09/1982,simonecampano@gmail.com
261,Giovanni,Basadonna,10/07/1956,xtrotta@giovine-contrafatto.it
262,Paoletta,Pizzo,22/10/1956,giuseppetoldo@tamburi.it
263,Amico,Ferretti,16/10/1946,vbevilacqua@gmail.com
264,Lidia,Troisi,24/10/1947,michelotto83@ginese-farina.com
265,Achille,Gritti,14/11/1952,rubbiaaurora@muti.com
266,Patrizia,Falcone,19/01/1992,michela38@gmail.com
267,Alessia,Faggiani,21/05/1959,floriogianluigi@samele.it
268,Nanni,Lanfranchi,29/10/1973,nannionisto@hotmail.it
269,Liliana,Greco,12/02/1975,carlilucio@libero.it
270,Francesca,Ferrari,11/10/1965,cesarealfonsi@tele2.it
271,Carla,Fuseli,01/11/1973,beatrice89@gmail.com
272,Vincentio,Pasqua,19/11/1959,ermes94@orsini.com
273,Donatello,Tron,04/08/1949,gianluca99@casalodi.it
274,Simonetta,Ferrucci,09/03/1978,giannafoa@hotmail.it
275,Rossana,Corradi,25/12/1944,sinisifedele@poste.it
276,Sandro,Vigorelli,14/04/1977,antonio59@tiscali.it
277,Marta,Iacobucci,08/08/1986,imartucci@tele2.it
278,Armando,Jacuzzi,12/04/1943,fbergoglio@trapanese.com
279,Leonardo,Ceci,04/05/2000,margherita50@fuseli-petrocelli.eu
280,Antonietta,Briccialdi,06/08/1996,carmelo08@vodafone.it
281,Alina,Dalla,21/01/1940,bacciocicilia@libero.it
282,Ermes,Bergoglio,05/01/1947,caterina50@gentilini.eu
283,Antonio,Ariasso,18/03/1948,caccianemicoelisa@virgilio.it
284,Nadia,Prada,01/10/1994,loredanabello@tim.it
285,Pietro,Chiesa,05/03/1974,milofarinelli@cuomo.it
286,Stefani,Treves,04/08/2005,uleopardi@cassara.com
287,Silvestro,Pizzamano,25/10/1994,ferraraelena@emanuelli.com
288,Martina,Taliani,13/02/1988,boldubarbara@alice.it
289,Serena,Belletini,30/06/1957,brienzo@sinisi.com
290,Pellegrino,Falloppio,18/03/1970,ramona72@piovani.org
291,Viridiana,Zacchia,21/01/1959,angelica72@gmail.com
292,Pasquale,Interiano,08/02/1945,wfranzese@mazzocchi-tebaldi.com
293,Alberto,Toninelli,17/12/1966,arnulfo93@hotmail.com
294,Laureano,Maggioli,25/03/1959,germanomarcantonio@gabrieli.org
295,Rosa,Brambilla,27/05/2002,nicolinigiacomo@live.com
296,Pierina,Barese,09/08/1955,domenicoaloisio@saragat-innocenti.org
297,Vanessa,Barzini,22/03/1970,eprodi@lerner.com
298,Oreste,Giolitti,09/10/1984,livio20@gmail.com
299,Raffaele,Zito,22/06/1962,mocciaemilio@giannetti.org
300,Licia,Rosiello,22/10/2005,jfo@malaparte.it
301,Gionata,Interminei,29/04/1962,alessandra08@nonis.it
302,Stella,Verri,01/05/1977,qdulbecco@veltroni.it
303,Angelina,Morucci,09/06/1974,lucreziacadorna@tim.it
304,Gianmarco,Orsini,03/02/1940,biagiamedeo@trussardi.it
305,Fabio,Guarneri,26/02/2004,mbonolis@calbo-guarneri.net
306,Matilda,Guarana,27/01/2000,porcellatolidia@yahoo.com
307,Paulina,Crespi,10/02/1982,dbasadonna@tele2.it
308,Ruggero,Leonardi,27/02/2005,trincavellidiana@yahoo.com
309,Danilo,Pavanello,19/11/2005,aloisiovincentio@nicoletti.eu
310,Martina,Rensi,05/10/1945,alderanoiannelli@galuppi.it
311,Danilo,Chindamo,02/05/1952,natalia47@lupo.com
312,Gabriele,Finotto,23/06/1968,kflaiano@petrucelli.net
313,Piergiuseppe,Taliani,17/06/1968,htravaglia@roncalli-martinelli.it
314,Panfilo,Inzaghi,13/07/1937,cibinvincenza@tartini-paganini.eu
315,Elena,Trevisan,21/03/1982,morlacchiraffaella@calbo.it
316,Maria,Martucci,27/02/1985,wmoretti@trillini.it
317,Alessia,Calbo,15/09/1947,martino44@fastwebnet.it
318,Galasso,Bettoni,08/12/1996,aldomajewski@libero.it
319,Luciana,Mondadori,23/01/1951,florafischetti@roccabonella-curatoli.it
320,Agostino,Pascarella,02/01/1997,costanzo86@tiscali.it
321,Amadeo,Dallara,19/07/1982,cassandra38@gmail.com
322,Bruno,Muratori,08/12/1932,bviola@monte.com
323,Imelda,Casadei,23/03/1935,michela18@simeoni-morricone.org
324,Vito,Verga,26/10/1974,flaianomargherita@rizzo.it
325,Armando,Giradello,06/11/1957,alessia45@tiscali.it
326,Ernesto,Tafuri,10/02/1934,igozzi@fastwebnet.it
327,Mercedes,Emo,13/01/1989,loredana56@live.com
328,Fortunata,Michelangeli,04/05/1951,ugarrone@tim.it
329,Edoardo,Tropea,07/03/1950,matildapinamonte@tiscali.it
330,Enzo,Brichese,01/04/1950,giampiero32@agazzi.eu
331,Leopoldo,Niggli,22/09/1962,naccarimartino@serlupi.it
332,Laura,Fittipaldi,21/07/1950,umbertoboezio@schiaparelli.it
333,Giuliana,Belletini,24/02/1943,hugoflorio@gmail.com
334,Ettore,Finetti,29/08/1983,enzocivaschi@righi.it
335,Girolamo,Trebbi,19/08/1995,gozzieleanora@montessori-miniati.org
336,Griselda,Ferraris,22/12/1988,foaernesto@vodafone.it
337,Vito,Miniati,29/05/1991,borronivanessa@filzi-carpaccio.it
338,Ciro,Filippelli,02/06/1998,alonzililiana@migliaccio-chechi.org
339,Antonio,Bajamonti,26/07/1987,giacomo54@iannuzzi-scalfaro.eu
340,Roberto,Cimarosa,24/07/1975,lucioborgia@zoppetti.com
341,Pietro,Ricci,29/05/1996,igovoni@vodafone.it
342,Salvi,Bandello,25/04/1998,piccioubaldo@ceci.it
343,Armando,Rinaldi,15/02/1957,eleanora06@vodafone.it
344,Daniele,Luzi,17/07/1976,combonipasquale@goldoni.com
345,Guido,Collodi,08/03/1989,jtreccani@tiscali.it
346,Riccardo,Trebbi,07/08/1991,corcostina@fastwebnet.it
347,Roman,Beffa,29/05/1936,milo78@gmail.com
348,Fernanda,Trentin,09/04/1937,olibonimarissa@vodafone.it
349,Corrado,Ariasso,17/09/1989,giuseppina35@paganini.it
350,Dolores,Interminelli,21/10/1957,dinononis@gmail.com
351,Stella,Cimarosa,15/07/2001,nolcinigraziella@guarato-bosurgi.net
352,Rosa,Faugno,01/07/2001,jolandamontessori@vodafone.it
353,Tonia,Esposito,22/05/1976,fariosto@ciampi.it
354,Gianna,Orlando,14/04/1951,palumboramona@franscini.it
355,Loredana,Ferrari,23/04/1958,mercatisonia@libero.it
356,Gabriella,Iannucci,12/12/1943,calvofiorino@visconti-viola.com
357,Nicola,Verga,17/02/1968,ymontessori@vodafone.it
358,Nicolò,Lettiere,14/09/1950,leone14@yahoo.com
359,Evangelista,Avogadro,25/06/1939,navoneletizia@yahoo.com
360,Clelia,Infantino,02/12/1948,simonetta76@chindamo-pisani.it
361,Gianfranco,Basso,02/04/1998,fulvio52@poste.it
362,Gioffre,Foà,28/07/1994,viridianarandazzo@ferraris.net
363,Giorgia,Trebbi,10/12/1993,manzonimartina@giulietti.it
364,Giulia,Quasimodo,01/03/1953,visintiniserafina@tim.it
365,Piero,Tosto,03/08/1938,bmastandrea@gentileschi.org
366,Luigina,Luria,22/06/1951,tonino80@gmail.com
367,Ignazio,Visintini,29/12/1981,leonardopagnotto@tele2.it
368,Silvia,Golino,09/01/1937,evangelista87@gatto.com
369,Beatrice,Fiorucci,10/10/1997,amaliabuscetta@pugliese.net
370,Federica,Pasolini,18/02/1973,smantegazza@piane.it
371,Marcello,Caboto,15/08/1942,ugrifeo@surian.it
372,Guido,Ricci,13/06/1990,xdovara@libero.it
373,Franco,Scarpetta,08/05/1940,amandacasini@monduzzi.com
374,Ivan,Sansoni,02/12/1968,nico42@live.com
375,Maria,Pederiva,11/11/1986,leonegemito@libero.it
376,Damiano,Procacci,28/07/1981,persicomonica@hotmail.it
377,Osvaldo,Costalonga,28/06/1950,rrenzi@tin.it
378,Margherita,Morellato,23/09/2000,fcundari@santorio.com
379,Claudia,Migliaccio,15/10/1949,mgrimani@libero.it
380,Griselda,Bottaro,19/04/1953,toni36@libero.it
381,Elvira,Ammaniti,08/02/1971,tremontigiuseppe@yahoo.com
382,Luciana,Trentini,14/10/1946,virginia44@maffei-sbarbaro.net
383,Laureano,Morgagni,03/07/1982,castionibianca@yahoo.com
384,Lauretta,Scarlatti,04/02/1963,cesaronigian@beffa.org
385,Loredana,Nicoletti,18/12/1943,xbabato@libero.it
386,Melina,Gori,05/06/1982,napoleone18@vodafone.it
387,Lisa,Torricelli,14/02/1940,ottone70@vodafone.it
388,Beatrice,Renault,30/08/1972,bsibilia@tin.it
389,Saverio,Vergerio,23/12/1973,evacibin@galilei.it
390,Liliana,Sonnino,08/05/1987,scarlattiadelmo@alice.it
391,Manuel,Antelami,01/04/1994,cleliaramazzotti@outlook.com
392,Griselda,Peano,27/01/1965,hvanvitelli@luxardo.org
393,Martino,Boldù,11/09/1995,lucrezia72@outlook.com
394,Gloria,Mastroianni,10/01/1979,flaviosanti@tim.it
395,Gianni,Zoppetto,24/05/1960,adriano94@guarneri-briccialdi.org
396,Fabrizio,Cossiga,05/11/1943,alessia50@live.com
397,Antonella,Trevisan,12/04/1963,jpiane@tim.it
398,Silvio,Duodo,05/04/1961,morandinifederica@alice.it
399,Camillo,Cutrufo,29/12/1981,camilla94@trupiano-caccianemico.eu
400,Sebastiano,Parmitano,11/01/1974,gianbramante@tiscali.it
401,Angelina,Aulenti,25/12/1959,greco95@libero.it
402,Annetta,Leoncavallo,02/08/1995,tassoazeglio@gmail.com
403,Sergius,Porzio,13/07/1935,xmonti@gmail.com
404,Beppe,Zanichelli,24/11/1974,maura81@calbo-ciampi.com
405,Aldo,Boccaccio,25/05/1999,jbazzi@virgilio.it
406,Nina,Curiel,08/02/2001,rizzoroberto@vodafone.it
407,Bianca,Sgarbi,30/10/1944,zairacorbo@live.com
408,Fiorenzo,Tomasini,14/11/1963,flaianoantonio@canevascini-zanzi.com
409,Salvatore,Chigi,13/06/1955,alessio30@turati-veltroni.net
410,Carla,Merisi,17/01/1933,gaddalauretta@poste.it
411,Alessandro,Guglielmi,21/11/1972,fischettigiorgia@folliero-benigni.net
412,Fabia,Buscetta,09/10/1982,mdisdero@tin.it
413,Agostino,Chigi,17/11/1936,lmoneta@lettiere-brancaccio.com
414,Livio,Antonini,29/02/2000,morosinisimonetta@tim.it
415,Manuel,Gioberti,14/04/1951,fverdi@lucarelli.com
416,Ludovico,Salieri,07/06/1968,giannicannizzaro@poste.it
417,Azeglio,Cutrufo,21/03/1978,rmorgagni@gregorio.com
418,Veronica,Ferrante,15/09/1937,valentinorosario@yahoo.com
419,Renata,Buonauro,26/02/1983,gioachinoendrizzi@libero.it
420,Rita,Parmitano,27/04/1937,cattaneotemistocle@yahoo.com
421,Melissa,Morgagni,18/11/1998,ycanova@hotmail.it
422,Pompeo,Draghi,16/05/1980,imazzeo@bassi.it
423,Emilio,Soprano,07/10/1979,luciana08@hotmail.com
424,Gianfranco,Maderna,22/06/1947,borranidanilo@libero.it
425,Maria,Panicucci,26/09/1965,lmanzoni@libero.it
426,Agostino,Lollobrigida,20/04/1956,xficino@granatelli.com
427,Virginia,Borzomì,07/11/1984,gaspare07@tele2.it
428,Panfilo,Spinola,22/06/1952,bernardiolga@casarin.com
429,Nicola,Rubbia,27/04/1975,xbrambilla@borroni.it
430,Dino,Caffarelli,27/12/1946,benitoeco@mannoia.it
431,Paolo,Niggli,16/02/1934,grifeoserena@mastandrea-gilardoni.com
432,Bianca,Dossetti,27/09/1970,bianca97@nievo-tremonti.org
433,Sergius,Lattuada,05/08/1946,kboldu@tiscali.it
434,Alfredo,Salgari,27/06/1976,cassararaffaele@cremonesi.com
435,Toni,Pergolesi,22/06/1941,luciana12@collina.it
436,Benedetto,Scandone,16/05/1999,xburcardo@bertolucci-castioni.com
437,Viridiana,Cocci,30/07/1990,caccianemicogionata@vodafone.it
438,Gioffre,Lupo,12/09/1957,rchittolini@fieramosca-barbarigo.com
439,Cesare,Fracci,06/10/1979,romolo99@bernardini-tanzini.eu
440,Virgilio,Bulzoni,22/07/1942,saltera@vodafone.it
441,Benito,Battaglia,19/04/1947,robertoroero@manzoni.net
442,Piermaria,Fornaciari,05/01/2000,yzamengo@poste.it
443,Luisa,Cutuli,05/03/1983,tantonetti@capecchi.com
444,Gioele,Pedersoli,11/12/1987,angelinamantegna@libero.it
445,Zaira,Binaghi,24/02/1940,giannuzzipanfilo@calbo.com
446,Ansaldo,Cignaroli,03/11/1990,ccagnin@libero.it
447,Fulvio,Saracino,26/12/1935,martino51@benigni.it
448,Marcantonio,Gagliano,11/04/1954,fraccivittorio@casaleggio-pace.com
449,Stefani,Paolini,31/01/1948,letiziastrangio@tim.it
450,Annalisa,Cilea,18/03/1967,meucciseverino@rosiello.it
451,Angelina,Capecchi,01/06/1964,zduse@trevisani.net
452,Giorgio,Lettiere,16/02/1936,smirnoffrita@tim.it
453,Claudio,Andreozzi,08/05/1955,grimaniserafina@virgilio.it
454,Angelina,Ferrucci,14/02/1951,yfabbri@gmail.com
455,Tiziana,Bignardi,08/05/1980,lettiereorazio@mengolo-bompiani.net
456,Gilberto,Seddio,09/11/1978,bettonizaira@venditti-mastroianni.com
457,Licia,Rosiello,24/01/2005,pierangelobertoni@poste.it
458,Ignazio,Paltrinieri,07/02/2002,severinoimpastato@duodo.it
459,Olga,Zaguri,24/08/1950,tcoardi@tiscali.it
460,Carolina,Ludovisi,09/02/1944,ogussoni@fanucci-gremese.com
461,Simonetta,Gaito,26/10/1982,allegrarastelli@tin.it
462,Giacobbe,Lupo,08/07/1935,qfagotto@falcone-miniati.org
463,Pompeo,Sgalambro,02/11/1945,federico43@outlook.com
464,Rita,Bonaventura,28/05/1975,parmitanoguglielmo@mercati.it
465,Clelia,Squarcione,12/11/1953,onecci@gmail.com
466,Luigina,Cicilia,19/03/1986,milocicilia@bonomo-volta.it
467,Atenulf,Bajamonti,01/04/1972,vbalbo@fastwebnet.it
468,Virginia,Morucci,12/02/1968,laurettaspanevello@einaudi.com
469,Gioacchino,Bellucci,05/10/1969,arnaldobotticelli@gramsci.com
470,Nico,Romano,19/06/1944,knavone@belletini.eu
471,Sante,Sagredo,02/03/1954,marcantonio49@live.com
472,Matteo,Ramazzotti,09/06/1999,benvenutogiannini@poste.it
473,Mario,Bonaventura,24/08/1947,aldotassoni@telesio.org
474,Maria,Galiazzo,05/08/1971,federicotrotta@falloppio.com
475,Lilla,Barcaccia,26/05/1933,qtamburello@libero.it
476,Maria,Pavone,15/04/1992,musattitatiana@gregori-garzoni.it
477,Massimiliano,Fornaciari,11/12/1939,corradipaoletta@mazzanti.com
478,Giacomo,Tacchini,14/01/1983,lucrezia52@hotmail.it
479,Giuliano,Monti,06/12/1970,roman89@alice.it
480,Melania,Polesel,09/03/1991,ruggero28@hotmail.com
481,Puccio,Pisacane,18/02/1962,irmafoletti@gmail.com
482,Lolita,Morosini,08/09/2002,margheritabinaghi@solari.eu
483,Marco,Pagnotto,28/09/1966,aleonardi@fastwebnet.it
484,Galasso,Giradello,16/02/1972,cbusoni@gregorio.it
485,Tullio,Lombardi,29/10/1993,impastatogiacomo@tencalla.eu
486,Gianfranco,Burcardo,12/09/1975,qpalombi@libero.it
487,Piero,Traversa,18/10/1986,gianluca20@poste.it
488,Alessandra,Costanzi,02/04/1993,mbotta@sorrentino.it
489,Alphons,Scalfaro,31/10/1999,gemitogiacomo@gentilini.net
490,Isa,Marino,08/05/1970,durantebarbara@stucchi.com
491,Marta,Giacometti,25/11/1940,ubaldo18@scarpa-petrassi.org
492,Costantino,Scarponi,08/02/1950,fpetrucci@hotmail.com
493,Gemma,Gelli,15/06/1968,tomasellinatalia@muti.com
494,Lorenzo,Ramazzotti,16/07/2005,marcellamazzacurati@tim.it
495,Marina,Barcella,11/04/1955,raffaello05@doria.com
496,Liberto,Prada,15/01/1950,grecozaccardo@berre.com
497,Galasso,Sagredo,15/04/1941,giacobbebosurgi@santorio.com
498,Gianfrancesco,Capone,28/08/1984,dinoverdone@ruggieri-celentano.org
499,Maria,Nordio,24/02/1966,rolando39@tele2.it
500,Morena,Vercelloni,11/12/1944,torricellimanuel@vodafone.it
501,Stefani,Guarato,03/03/1960,tonia31@gmail.com
502,Fabrizio,Toscanini,31/08/1950,xtrapanese@palumbo-cardano.com
503,Raffaele,Marino,16/07/2003,qvercelloni@tele2.it
504,Ornella,Cerquiglini,13/10/1998,barsantiadelasia@interminelli.it
505,Antonina,Contrafatto,28/02/1989,lauretta64@pacelli-gremese.com
506,Guarino,Metella,04/10/1950,ubroschi@fastwebnet.it
507,Ninetta,Rosmini,15/12/1956,tresoldiermanno@live.com
508,Ansaldo,Zanichelli,20/08/1980,clelia37@gmail.com
509,Massimiliano,Trentin,05/09/1968,marisa31@alice.it
510,Daniele,Nibali,13/12/1990,patriziacabrini@libero.it
511,Lara,Trincavelli,06/06/1941,fsokolov@morricone.it
512,Damiano,Filzi,04/02/1984,ugiannuzzi@tiscali.it
513,Donatella,Castioni,31/03/1997,annunziatafederici@tim.it
514,Rodolfo,Curatoli,30/05/1961,lucianacardano@fastwebnet.it
515,Giancarlo,Gregorio,01/01/1997,xdetti@cuda.com
516,Pina,Burcardo,09/06/1945,istein@abba-battisti.it
517,Rossana,Onio,04/04/1977,omanzoni@sbarbaro-cuzzocrea.it
518,Sabatino,Fabrizi,29/06/1950,xfilogamo@libero.it
519,Rosa,Berlusconi,02/01/2001,nicola28@libero.it
520,Alphons,Gasperi,13/03/1988,mmonduzzi@gmail.com
521,Lina,Ferrara,01/11/1941,novarovincenzo@piovani.it
522,Fernanda,Bellocchio,26/08/2003,pontigraziella@gmail.com
523,Romeo,Cafarchia,01/04/1974,irma75@durante.org
524,Melina,Caccioppoli,22/08/1942,alderano88@virgilio.it
525,Mauro,Crispi,21/06/1976,santino98@stefanelli-borsiere.it
526,Coriolano,Cavanna,03/12/1969,gabrielecignaroli@outlook.com
527,Federico,Tasso,05/09/2000,xaltera@cerquiglini.com
528,Piermaria,Argurio,14/08/1985,xfogazzaro@gmail.com
529,Maria,Cherubini,18/06/1961,elvira67@volta-monte.it
530,Elladio,Tomei,17/04/1994,solemetella@zanichelli.net
531,Ottone,Guarato,27/11/1957,stefanoschiaparelli@vodafone.it
532,Ninetta,Bacosi,14/01/1958,teresa06@outlook.com
533,Lazzaro,Benussi,31/12/1994,garzonipierangelo@boiardo.eu
534,Giacobbe,Ariosto,13/10/1961,simonettapezzali@vodafone.it
535,Martino,Coppola,20/10/1957,ylupo@tele2.it
536,Ruggero,Tamburi,01/04/1968,palomamissoni@tiscali.it
537,Azeglio,Guarana,11/03/1948,ottoneaccardo@baglioni-saraceno.it
538,Romeo,Contrafatto,30/06/1943,stefanoscarponi@petrucci.com
539,Santino,Ferrante,21/05/1988,oraziofioravanti@andreotti.it
540,Francesca,Agnesi,12/12/1936,malenchinialessia@alice.it
541,Livio,Giradello,27/08/1982,krapisardi@callegaro.com
542,Gian,Aulenti,17/07/1947,ranieri70@sanguineti-naccari.it
543,Alberto,Raimondi,12/02/1973,ansaldocarli@trillini.it
544,Graziano,Bellocchio,10/06/1967,jacopoalighieri@viviani-majewski.it
545,Corrado,Bettoni,09/10/1995,ceciliafanucci@libero.it
546,Arturo,Viola,18/02/1999,tspinola@lattuada.com
547,Nadia,Dossetti,21/03/1975,benedettoscotto@procacci-casagrande.org
548,Giada,Comisso,10/05/1948,paretomarcella@gmail.com
549,Chiara,Borromeo,26/07/1953,serena65@tim.it
550,Elisa,Perozzo,29/12/1982,rominagiannelli@libero.it
551,Osvaldo,Columbo,28/05/1963,ludovico26@gmail.com
552,Michela,Pennetta,25/11/2005,beppe50@hotmail.com
553,Paola,Righi,05/04/2000,sylviagaltarossa@barcaccia-moneta.it
554,Sabatino,Gremese,24/04/1934,pasqualecuzzocrea@gmail.com
555,Giovanni,Panzera,29/11/1988,sordiramona@gmail.com
556,Tiziana,Broschi,09/05/1994,orlando58@live.com
557,Donatella,Gibilisco,13/11/1951,udineseannetta@live.com
558,Gustavo,Papafava,26/12/1933,ippaziotafuri@leblanc.it
559,Gaspare,Durante,21/05/2005,uzoppetto@hotmail.com
560,Angelica,Modiano,28/02/1986,malatestaernesto@libero.it
561,Gianna,Cheda,10/06/1944,fabrizia63@aulenti.it
562,Elisa,Persico,07/09/1965,dino09@pacelli-brichese.org
563,Alessandro,Lercari,18/02/1955,gualtieristefani@poste.it
564,Angelina,Mannoia,02/02/1950,margheritaponti@querini-pirelli.it
565,Nina,Sgarbi,14/10/1987,nicolorespighi@bertolucci.org
566,Vincenzo,Tafuri,15/03/1966,rembrandtsantorio@canova-travaglia.net
567,Amico,Boccaccio,23/09/1982,tatianadulbecco@duodo-inzaghi.com
568,Achille,Gentileschi,06/06/1960,talianiornella@tarantini.com
569,Panfilo,Cesarotti,24/02/1989,dossettialphons@cuda-paolini.it
570,Eugenia,Faugno,09/12/1982,benitoflaiano@tim.it
571,Fabio,Petruzzi,11/02/1944,ferraboscoalphons@mazzacurati.com
572,Milena,Paoletti,21/01/1934,telemaco30@tiscali.it
573,Marco,Asmundo,18/09/1947,antonina67@fieramosca-fabrizi.eu
574,Giovanna,Abba,05/08/1965,luigiraimondi@mercalli.com
575,Adriano,Bosurgi,12/10/1973,alina30@tin.it
576,Patrizia,Andreotti,24/08/1958,xcasalodi@vodafone.it
577,Liliana,Bazzi,03/02/1969,obazzi@nordio.net
578,Daniele,Filippini,13/09/1970,michele74@live.com
579,Lina,Travia,17/07/1941,rosalia28@galeati.org
580,Romana,Conti,06/06/2004,marangonigelsomina@outlook.com
581,Etta,Caffarelli,17/10/1947,amadeo78@alice.it
582,Giuliana,Solari,15/01/1985,svarano@vittadello.com
583,Giovanni,Mercantini,27/03/1968,donatellopiovani@hotmail.com
584,Uberto,Faggiani,19/07/1957,loretta76@satta-aporti.it
585,Valentina,Aulenti,01/04/1970,prosmini@gmail.com
586,Mirco,Argenti,19/01/1985,qpastine@zola-sabatini.it
587,Fabio,Piane,22/02/1944,giadavirgilio@cignaroli.it
588,Pasquale,Foletti,28/11/1999,armandoubaldi@miniati-soprano.net
589,Costantino,Canali,21/03/2002,silvio65@ferrucci.net
590,Alessia,Foletti,14/12/2002,ybriccialdi@crispi-iadanza.it
591,Eraldo,Sorrentino,01/12/1981,carusoaldo@cibin.it
592,Raffaele,Filippelli,26/11/1969,traettaparide@tele2.it
593,Francesco,Prati,12/09/1964,ficinosantino@praga-bossi.eu
594,Bianca,Puglisi,30/11/1994,fedele21@libero.it
595,Amedeo,Fallaci,25/12/1985,vrosmini@yahoo.com
596,Greca,Dulbecco,01/04/1986,martino77@malacarne-pirandello.com
597,Giulia,Monicelli,02/04/1958,gianfranco06@gmail.com
598,Letizia,Germano,06/03/1984,castellipaloma@delle.com
599,Aria,Pratesi,29/08/1991,gaitopatrizia@campano-pascarella.net
600,Adriana,Carnera,16/09/1956,ottinoemma@virgilio.it
601,Raimondo,Bondumier,06/06/1987,hsilvestri@fastwebnet.it
602,Ignazio,Sandi,21/06/1936,emoretti@malenchini.it
603,Livio,Miniati,30/01/1942,germanatonisto@perini-montanari.net
604,Raffaele,Vendetti,11/07/1933,borsieremaurilio@live.com
605,Bettina,Tutino,30/01/1957,cagnottoamico@virgilio.it
606,Ranieri,Bramante,09/02/1995,tcombi@giannelli.eu
607,Lauretta,Nonis,13/07/1943,ramona39@vodafone.it
608,Emma,Borrani,01/05/1967,valiersilvia@lussu.net
609,Fabrizia,Tremonti,17/01/1947,argurioserafina@giusti.net
610,Jolanda,Ciani,12/11/1973,babbogioacchino@tim.it
611,Panfilo,Solimena,15/11/1983,bcicilia@libero.it
612,Loredana,Pometta,25/02/1948,sfagiani@toso-gentilini.org
613,Matilda,Navarria,30/09/1951,maura18@leonardi.it
614,Ninetta,Pugliese,11/11/1954,ludovicocorcos@live.com
615,Greco,Storladi,12/12/2003,bruggeri@tiscali.it
616,Antonina,Farinelli,11/08/1965,biancagaito@mazzocchi-pellico.com
617,Raimondo,Murialdo,01/10/1943,angelinavespa@gmail.com
618,Graziano,Rosmini,15/07/1970,volterraaugusto@libero.it
619,Ernesto,Fischetti,07/07/1933,fadinolfi@tiscali.it
620,Gianpietro,Federico,30/10/2004,finottodonatella@poste.it
621,Bruno,Papafava,28/05/1970,giuliacorradi@libero.it
622,Nicola,Antonelli,25/03/1945,renzo59@germano.net
623,Isabella,Bellò,23/04/1992,tgiannini@fastwebnet.it
624,Viridiana,Viola,21/03/1968,eporcellato@casini.it
625,Lucia,Tutino,09/06/1964,zcuratoli@tiscali.it
626,Raffaella,Fallaci,14/02/1978,nruberto@ferrucci-romagnoli.it
627,Antonello,Spinelli,08/04/1947,stresoldi@tremonti.com
628,Durante,Bova,16/04/1961,overdone@liguori-cimini.com
629,Ruggero,Fantoni,08/08/1942,kbadoglio@terragni-ferragni.it
630,Gino,Sollima,20/11/1968,porcellatoorazio@gianinazzi.com
631,Lauretta,Vidoni,16/01/1989,goffredo21@tim.it
632,Patrizia,Santorio,25/02/1991,maurizio90@vezzali.net
633,Carolina,Capone,16/04/1984,atenulf36@tele2.it
634,Filippo,Verga,28/12/1953,germanonina@scalfaro-pagliaro.it
635,Orazio,Tonisto,26/04/1984,legnanteraffaele@hotmail.it
636,Anita,Sanudo,22/05/1938,iendrizzi@vitturi.com
637,Raffaele,Tamburi,16/12/1936,ubaldo41@tim.it
638,Erika,Ughi,22/04/1981,michelegarozzo@outlook.com
639,Gemma,Cerquiglini,22/10/1934,bulzoniluisa@tozzo.com
640,Marisa,Totino,01/10/1951,rocco60@filangieri-crispi.com
641,Marta,Stefanelli,05/10/1988,uiannucci@rosselli.it
642,Salvi,Bertolucci,06/06/1984,raffaellametella@boitani.it
643,Manuel,Terragni,16/03/2000,falieralberto@hotmail.it
644,Caterina,Bertoni,01/10/1958,martinomarinetti@bazzi.com
645,Marco,Letta,20/02/1967,jzecchini@alice.it
646,Antonello,Scalfaro,01/10/1935,dnavarria@fastwebnet.it
647,Gioele,Trezzini,16/12/1994,nadiasalata@raurica.it
648,Mercedes,Pacillo,13/06/1989,erikasmirnoff@tomaselli.it
649,Sophia,Zanichelli,21/03/1976,gioacchino60@parisi-petrassi.org
650,Martino,Nordio,03/11/2004,lmusatti@gmail.com
651,Sabatino,Eco,11/03/1992,gemma54@basso.it
652,Marcello,Tartaglia,28/01/1953,pemo@malpighi.it
653,Antonietta,Scalera,30/08/1972,sergiusariasso@zoppetti-verdi.it
654,Berenice,Ciani,28/05/1961,marenzioagnolo@cammarata.it
655,Tiziana,Ariasso,26/02/1960,eliana89@novaro-gabbana.com
656,Isabella,Lucchesi,23/04/1984,sgatto@vespucci.it
657,Pina,Traetta,29/11/1945,landocrispi@fabrizi-barzini.net
658,Marcantonio,Maspero,06/12/1965,raimondopalumbo@gmail.com
659,Galasso,Costalonga,30/08/2004,fluxardo@virgilio.it
660,Monica,Zabarella,09/03/1951,tguidotti@fastwebnet.it
661,Giorgio,Rinaldi,27/12/1950,coluccioargan@argan.it
662,Enzio,Renault,08/06/1993,schicchilando@malacarne.com
663,Cecilia,Palazzo,09/01/1969,armellinilucia@hotmail.it
664,Dina,Fiorucci,11/12/1965,flaviopalazzo@sansoni.it
665,Ilaria,Gargallo,18/03/1997,puccilidia@hotmail.com
666,Mirco,Sagese,26/11/1957,cuomorosario@pratesi.eu
667,Virgilio,Turci,05/08/1996,fulviogiannuzzi@virgilio.it
668,Puccio,Guglielmi,08/05/1968,marina02@hotmail.it
669,Nicolò,Ricciardi,03/02/1946,calogero45@libero.it
670,Santino,Bruscantini,12/05/1958,ppistoletto@turrini.com
671,Coluccio,Ludovisi,12/03/1953,oferragamo@bajardi.org
672,Ida,Broschi,29/05/1960,agnologiammusso@camanni.it
673,Gianpaolo,Vivaldi,17/12/1973,durante99@live.com
674,Nicoletta,Veltroni,03/03/1976,ydeledda@virgilio.it
675,Rossana,Desio,09/07/1994,melinaargan@tim.it
676,Tonia,Ziani,03/07/1979,upetrucelli@libero.it
677,Gioffre,Duse,24/04/1936,coliboni@querini.it
678,Luisa,Vendetti,07/10/1942,vvespucci@fastwebnet.it
679,Michele,Tognazzi,06/04/1996,lilla45@libero.it
680,Arnulfo,Garozzo,20/07/2001,rossana19@virgilio.it
681,Pierangelo,Morandini,02/08/1986,dante94@amaldi.com
682,Adele,Doria,23/05/2000,arnaldo58@tin.it
683,Arnulfo,Bonolis,09/06/1970,amanda91@gmail.com
684,Guarino,Offredi,17/08/1939,goffredo74@travia-platini.org
685,Sabatino,Basadonna,11/01/1941,tacchinibenvenuto@tiscali.it
686,Giosuè,Fiorucci,06/06/1942,nemo@poste.it
687,Melissa,Cignaroli,05/06/1993,zcuda@gmail.com
688,Gioele,Vivaldi,05/03/1976,viridianapolesel@taccola.com
689,Venancio,Borzomì,23/11/1979,bcelentano@vodafone.it
690,Raffaellino,Maderno,23/11/1950,pietro86@regge.it
691,Annunziata,Druso,06/08/1985,eleanora77@nitti.it
692,Nanni,Solimena,26/08/1943,rosa35@yahoo.com
693,Ludovico,Praga,14/01/2003,pedersolivirginia@virgilio.it
694,Gilberto,Tanzini,20/02/1992,garozzosandro@libero.it
695,Pierangelo,Mannoia,28/12/1996,albertozito@outlook.com
696,Amanda,Argentero,24/09/1967,pierangelonapolitano@guarana.com
697,Marta,Carfagna,02/08/1981,ugosalata@fastwebnet.it
698,Mariana,Sinisi,18/12/1975,rgadda@tim.it
699,Ramona,Galuppi,11/06/1988,aria30@gmail.com
700,Francesco,Foa,05/11/2004,nicolettaguicciardini@poste.it
701,Arnaldo,Scialpi,01/09/2000,vito12@gmail.com
702,Aria,Treves,23/09/1995,pgaribaldi@libero.it
703,Rocco,Argentero,07/05/1964,tboitani@gadda.net
704,Coriolano,Nordio,07/04/1954,jovinelliolga@bevilacqua.com
705,Rita,Sandi,11/02/1998,flora57@alice.it
706,Orazio,Mazzanti,27/11/1964,tonia84@cilibrasi.com
707,Toni,Grifeo,26/12/1952,toni26@alice.it
708,Ippazio,Proietti,11/07/1975,bernardoguicciardini@gmail.com
709,Alessio,Aporti,04/09/1997,gianluca19@roncalli-capone.org
710,Rita,Delle,28/11/1948,vincenzo50@gmail.com
711,Virgilio,Migliaccio,29/07/1934,hgiacometti@tiscali.it
712,Ranieri,Scaduto,19/06/1957,gianpaolo32@tim.it
713,Ida,Mercantini,22/12/1954,gianlucafischetti@vodafone.it
714,Delfino,Caetani,09/11/1945,usonnino@bello.it
715,Alessandra,Rusticucci,01/08/1995,nicolaabba@mercantini.eu
716,Silvestro,Brunello,28/01/1934,garronedonatello@gucci-loredan.com
717,Enzo,Gadda,15/08/1950,vittoria52@toscani-filippelli.it
718,Jacopo,Stein,05/12/1949,elisa74@ceravolo.com
719,Raffaello,Barsanti,08/09/2003,sagnelliagostino@badoglio-paoletti.eu
720,Isa,Iacovelli,15/06/1933,obacosi@libero.it
721,Filippo,Rensi,29/03/1937,beccheriagemma@muti.it
722,Massimo,Saffi,22/03/1962,gianfranco12@gmail.com
723,Milena,Pistoletto,21/02/1950,alessandro62@libero.it
724,Michelangelo,Morrocco,10/01/1970,federicochiara@vodafone.it
725,Alessio,Tarantino,06/11/1948,ramonasandi@hotmail.com
726,Clelia,Mogherini,12/12/1979,gellirosina@tim.it
727,Lina,Bembo,12/11/1956,ecampise@giannotti-gelli.it
728,Serafina,Fo,05/04/2004,ortolaniida@mimun.org
729,Livio,Pellegrini,16/06/1974,natalia94@querini.it
730,Mirko,Randazzo,18/02/1983,tebaldidonatella@fastwebnet.it
731,Piermaria,Gotti,17/11/1973,volterraeva@hotmail.it
732,Orazio,Gentilini,08/07/1972,rsanguineti@tiscali.it
733,Alina,Casalodi,20/05/1954,graziellagottardi@lancisi-mancini.it
734,Rossana,Cassarà,26/02/1954,costantino16@vodafone.it
735,Allegra,Alfonsi,18/09/1963,gastone23@leoncavallo.it
736,Elladio,Sagnelli,05/11/1953,ificino@colletti.com
737,Severino,Papetti,16/10/1948,angelina13@tin.it
738,Mercedes,Donatoni,30/04/1933,angelo75@vergerio.com
739,Romolo,Cuzzocrea,07/05/1939,mbignami@hotmail.it
740,Sole,Soffici,06/06/1990,ileonardi@giannelli.it
741,Giacinto,Burcardo,27/08/1990,ibaggio@gmail.com
742,Sergius,Viola,04/10/2004,santigianfrancesco@salgari-bixio.com
743,Liberto,Zetticci,09/11/1998,piermariaoffredi@pertile.com
744,Vincenza,Rocca,05/08/1940,ipadovano@littizzetto.it
745,Tatiana,Porzio,22/07/1966,uamaldi@tin.it
746,Bartolomeo,Fischetti,15/07/1939,marissa80@metella-einaudi.it
747,Antonella,Fuseli,23/03/1969,kgovoni@zacco.org
748,Rolando,Pisano,03/12/1950,bruno85@gabrieli.com
749,Loredana,Broschi,06/01/1991,gabriele18@briccialdi.it
750,Lucio,Tomasini,22/10/1973,madernaippazio@desio.eu
751,Guido,Sagnelli,06/07/1952,tamburimariano@antonacci-cimarosa.net
752,Enzo,Russo,15/09/1979,floriofilippa@valier.it
753,Giorgia,Rapisardi,10/03/2001,renierflavia@outlook.com
754,Calogero,Respighi,21/11/1965,fmonicelli@chechi-rocca.eu
755,Flavia,Bonino,09/02/1990,gioacchinoagostinelli@costanzi.it
756,Paulina,Troisi,26/02/1989,dgioberti@treccani-strangio.com
757,Raimondo,Modigliani,23/11/1937,tvendetti@tiscali.it
758,Loretta,Guidotti,06/08/1964,antonietta59@donarelli-scarpetta.com
759,Pierina,Dossetti,09/05/1960,camiscionemaria@gmail.com
760,Angelo,Antonini,12/11/1960,iolandacamanni@casellati.net
761,Matilda,Querini,04/04/1982,gsollima@giannini.it
762,Antonia,Castiglione,01/05/1943,ycortese@andreozzi-tomaselli.com
763,Maria,Petralli,06/11/1979,ezio66@gmail.com
764,Geronimo,Catenazzi,03/09/1995,qmancini@poste.it
765,Romolo,Cavanna,12/10/1978,cstucchi@caracciolo-papetti.com
766,Fortunata,Santorio,07/12/1948,ivan96@pizzo.org
767,Ubaldo,Sgalambro,03/04/1950,ksiffredi@yahoo.com
768,Mariana,Pozzecco,14/07/1947,pier56@tiscali.it
769,Lara,Castioni,07/04/2000,chiappettarembrandt@gmail.com
770,Greca,Mazzi,27/05/1940,ochiaramonte@fabrizi-pacelli.com
771,Giustino,Cugia,15/06/1995,giampiero41@hotmail.com
772,Zaira,Scarfoglio,14/03/1997,franzesemaria@gmail.com
773,Renzo,Schiavone,22/04/1946,arnulfo66@mazzocchi.com
774,Tiziano,Toninelli,04/10/1978,venancioacerbi@abbagnale.it
775,Nanni,Morgagni,11/09/1971,qsgalambro@nadi.net
776,Amico,Ammaniti,23/07/1962,xbernetti@gmail.com
777,Luciano,Germano,20/07/1990,aparini@hotmail.com
778,Carla,Fornaciari,03/02/1954,morettipiergiuseppe@alice.it
779,Lorenzo,Schiavo,27/06/1991,marianabettin@pizziol-guglielmi.it
780,Lucio,Spallanzani,16/07/1960,pastinearturo@tiscali.it
781,Paoletta,Faugno,04/03/1968,pomponio18@live.com
782,Marcella,Monduzzi,08/05/1976,guidottigianpietro@outlook.com
783,Fortunata,Cavanna,15/02/1998,maria07@filippelli.com
784,Graziella,Sonnino,25/12/1942,jtoso@tiscali.it
785,Ruggiero,Soffici,14/07/1934,persicocamilla@hotmail.com
786,Ansaldo,Baggio,10/10/1969,costanzo99@manzoni.com
787,Arnaldo,Grifeo,25/05/1988,rpometta@gmail.com
788,Rodolfo,Scialpi,25/01/1936,lianabalbo@morpurgo-ricci.it
789,Roman,Marconi,21/10/1957,adelasia29@libero.it
790,Loretta,Natta,26/04/1971,gioachinotoldo@gmail.com
791,Galasso,Ungaretti,23/06/1976,agnolocuratoli@gmail.com
792,Sebastiano,Filzi,13/07/2004,monicagioberti@poste.it
793,Loredana,Cadorna,17/09/1975,caetaniricciotti@tin.it
794,Martina,Boitani,20/11/1976,giuliettagreggio@tarantini.org
795,Ansaldo,Lamborghini,04/05/1955,lolitamajorana@poste.it
796,Gabriella,Gelli,11/12/1975,leopoldocarullo@marcacci-gabba.com
797,Claudia,Galtarossa,20/10/1967,adrianalegnante@duodo-sibilia.it
798,Nino,Franzese,03/12/1959,zargurio@gmail.com
799,Flavio,Chiappetta,29/12/1950,ettaughi@hotmail.it
800,Chiara,Cilea,06/04/1951,gian61@impastato.eu
801,Clelia,Olivetti,19/11/1942,lucio08@ferrari.com
802,Evangelista,Dalla,11/05/1994,virginia15@verri-chittolini.it
803,Alderano,Draghi,17/06/1994,malipieroenzio@tiscali.it
804,Silvio,Morlacchi,28/10/1996,stella11@yahoo.com
805,Puccio,Ossola,07/04/2001,gloriainnocenti@hotmail.it
806,Isa,Bragadin,15/08/1948,ytaccola@libero.it
807,Elmo,Tanzini,19/08/1937,laureanocammarata@tuzzolino.it
808,Fortunata,Baracca,29/05/1979,rpignatti@raurica.it
809,Dionigi,Monduzzi,06/12/1957,ludovicaiacobucci@tosi.org
810,Osvaldo,Salgari,25/06/2005,lisarizzoli@borromeo.it
811,Milo,Porzio,17/03/2000,piergiuseppemurialdo@garozzo-loredan.com
812,Pasquale,Marino,08/11/2004,pizzettiosvaldo@tele2.it
813,Mercedes,Gabrieli,21/03/1991,matteo75@vodafone.it
814,Ettore,Tomasetti,30/07/1956,cdruso@catenazzi.it
815,Valentina,Polesel,19/12/1990,chechialessia@libero.it
816,Annibale,Fantoni,11/02/1993,ninomorlacchi@live.com
817,Gemma,Morandini,13/03/1968,pfoa@yahoo.com
818,Teresa,Marsili,15/03/1938,sattagiuliana@tirabassi.it
819,Veronica,Celentano,18/11/1973,paganinipiero@turci-ricolfi.net
820,Aurora,Lerner,22/11/1982,pepeisabella@aloisio.it
821,Sandro,Franceschi,14/12/1974,cgiannotti@vodafone.it
822,Hugo,Tarchetti,31/05/1962,ljovinelli@collodi.it
823,Rolando,Scamarcio,01/05/1996,dallaraluciana@tasca-poerio.it
824,Tiziana,Morabito,23/11/1995,piazzimartino@tiscali.it
825,Alessandro,Pietrangeli,17/02/1982,calgarivincenza@fastwebnet.it
826,Melina,Capuana,18/05/1936,fiorenzocarpaccio@toso.net
827,Federico,Coppola,27/09/1981,gabriella74@fastwebnet.it
828,Paoletta,Bersani,29/03/1972,mocenigopatrizio@poste.it
829,Pierina,Borromini,03/11/1997,ptonisto@peruzzi.com
830,Ivo,Surian,17/11/1971,eballa@vodafone.it
831,Alessandro,Mannoia,04/10/1943,eajello@yahoo.com
832,Panfilo,Malatesta,24/08/1990,tizianomorlacchi@monicelli-pellico.it
833,Monica,Chechi,31/10/1935,oreste55@zanichelli-carli.com
834,Letizia,Panatta,02/09/1948,graziano60@tirabassi.it
835,Gianpaolo,Milanesi,24/03/1990,cbonatti@tim.it
836,Milo,Adinolfi,10/06/1963,matilda32@tiscali.it
837,Flavia,Travia,26/11/1938,neddadona@tiscali.it
838,Priscilla,Casadei,31/05/1975,gianluca93@tin.it
839,Sophia,Volta,13/08/2000,grazianoferretti@bova.it
840,Virgilio,Boiardo,10/02/1996,mattiaceravolo@tartaglia-gravina.com
841,Piergiorgio,Ligorio,19/06/1976,rchigi@tele2.it
842,Melina,Monteverdi,05/04/1953,venanciomedici@vodafone.it
843,Giancarlo,Tutino,10/02/1946,fagottogiovanna@live.com
844,Stefania,Alonzi,23/06/1933,salgarigabriella@tuzzolino.eu
845,Piero,Alfonsi,27/04/1961,ubaldo97@outlook.com
846,Alessia,Alfieri,06/05/1936,gaetanomodigliani@libero.it
847,Teresa,Schiavo,19/11/1955,benvenutovespucci@lucarelli.it
848,Margherita,Zacco,13/01/1984,pietrangelistefania@cendron.net
849,Letizia,Morosini,20/03/1991,ricciottiinzaghi@libero.it
850,Ippazio,Malacarne,29/08/1968,donaranieri@dovara-perozzo.it
851,Nicoletta,Cignaroli,06/06/1975,gianfranco47@tiepolo-gregori.org
852,Rosaria,Gabba,25/11/1965,ermenegildoguinizzelli@mercalli.com
853,Salvi,Dossetti,07/05/1987,carlo99@tin.it
854,Ruggiero,Casadei,01/10/1985,ramonamanacorda@filogamo.it
855,Maria,Serraglio,28/03/1988,gmarconi@libero.it
856,Luciana,Trotta,27/01/1984,vbergoglio@tele2.it
857,Ilaria,Tozzo,22/05/1974,rtrentini@castioni.net
858,Claudio,Tencalla,10/10/1968,ubertobianchi@libero.it
859,Silvestro,Calgari,02/02/1948,michelamazzanti@poste.it
860,Natalia,Bondumier,15/05/1975,albertopontecorvo@gmail.com
861,Umberto,Simeoni,06/11/1986,aria98@roccabonella.it
862,Bruno,Argento,04/12/1982,mascheronicoluccio@tele2.it
863,Gianmarco,Foletti,16/08/2005,eorengo@filippini.it
864,Sebastiano,Basadonna,02/05/1938,coardigionata@bernardi.eu
865,Luca,Vergassola,12/08/1970,calbopiersanti@libero.it
866,Romolo,Casaleggio,04/08/1970,rosina52@outlook.com
867,Ottavio,Lettiere,04/12/1945,torquato37@hotmail.com
868,Ilaria,Cilea,27/08/1967,morosiniarturo@live.com
869,Piergiuseppe,Raurica,19/12/1990,hgregori@marino.com
870,Dolores,Torricelli,26/12/1935,perinisonia@pugliese.com
871,Michela,Antonetti,22/05/1980,donatellocamuccini@maderna-schiavone.eu
872,Daniele,Valguarnera,16/03/1996,gravinaraffaele@turci-rosmini.it
873,Tiziano,Ferragni,25/09/1970,antonioniaria@virgilio.it
874,Serafina,Dellucci,02/11/2002,tgolgi@navone.it
875,Roberta,Golgi,05/05/1980,oemanuelli@hotmail.it
876,Luchino,Renault,14/07/1992,wlippomano@outlook.com
877,Martina,Pagliaro,18/08/1937,hfoscari@taliercio.net
878,Camilla,Barcaccia,16/06/1979,obartoli@ferretti.eu
879,Sandra,Cibin,03/03/1957,micheletto25@antonucci.eu
880,Mercedes,Bernardi,08/09/1968,enricotartaglia@gmail.com
881,Francesca,Gadda,30/09/1981,zaccardolina@outlook.com
882,Raffaella,Venturi,07/03/1953,ysamele@libero.it
883,Marcello,Faranda,15/04/1976,matteo47@fastwebnet.it
884,Telemaco,Andreotti,25/05/1949,mondadoribaldassare@vodafone.it
885,Michela,Novaro,12/11/1947,ettoretafuri@onio.net
886,Ermes,Ferrata,03/03/1941,rodolfofallaci@zacchia.it
887,Arsenio,Curci,19/08/1995,briccialdidante@battisti.net
888,Antonia,Luciani,24/06/1966,lorenzogremese@yahoo.com
889,Giacomo,Lucarelli,28/09/1981,ceschistefano@verga-comolli.net
890,Aurora,Puglisi,18/12/1956,bignardililla@hotmail.it
891,Gioacchino,Doria,24/07/1964,benvenuto57@outlook.com
892,Ubaldo,Toso,02/06/1944,mortatigianpietro@bruscantini.com
893,Ettore,Corradi,23/07/1969,sinisipierluigi@segre.com
894,Sergius,Tacchini,06/10/1963,sandradonarelli@libero.it
895,Donato,Morandini,22/04/1976,oraziomercati@naccari.eu
896,Girolamo,Fiorucci,20/12/1938,fcastelli@hotmail.com
897,Damiano,Babbo,24/09/1967,aloisiocoluccio@libero.it
898,Tonino,Cibin,20/06/1998,xtrapani@gmail.com
899,Stella,Trupiano,04/10/1938,cremonesiluigi@oscuro.it
900,Paoletta,Bragaglia,24/02/1995,krienzo@traversa.net
901,Chiara,Ludovisi,11/12/1945,gabriella37@borromini-calarco.com
902,Roberta,Trentini,06/06/1983,interminellizaira@hotmail.it
903,Rosalia,Garzoni,03/12/2001,angelicascialpi@poste.it
904,Gianluigi,Alfonsi,03/06/1945,bragagliagreco@gregorio.com
905,Romana,Romano,01/04/2003,zcimini@outlook.com
906,Clelia,Milanesi,29/11/1996,giolittilisa@norbiato.it
907,Sante,Impastato,14/08/1945,alessia41@hotmail.it
908,Concetta,Antonacci,15/07/1946,lucrezia47@regge.it
909,Carolina,Brancaccio,24/08/1952,daniele90@libero.it
910,Valentina,Zaccardo,17/09/1982,verriangelo@ughi.it
911,Lorenzo,Bocca,13/10/1953,laurettatelesio@vasari.net
912,Gemma,Argurio,05/04/1937,stella97@tele2.it
913,Cesare,Navone,10/03/1941,benvenutomigliaccio@tele2.it
914,Ciro,Pace,27/04/1982,albertopucci@outlook.com
915,Isa,Finzi,05/05/1946,murrigiuliano@argenti.com
916,Romana,Sagese,06/06/1970,grisonistefano@outlook.com
917,Virgilio,Giorgetti,05/09/1965,silviabonatti@pucci.com
918,Sebastiano,Marangoni,08/03/1987,ciro60@bragadin.net
919,Napoleone,Passalacqua,26/08/1960,grecamoretti@sagnelli.org
920,Marcantonio,Tanzini,19/12/1975,turatigiuseppina@alice.it
921,Cecilia,Pirelli,15/11/1980,riannuzzi@silvestri.com
922,Gioffre,Borgia,07/10/1980,isabellagiusti@accardo.net
923,Cesare,Nievo,17/02/1943,atenulf16@beccaria.org
924,Sebastiano,Biagi,18/08/1944,comeriatoserena@liverotti.org
925,Vito,Guarana,21/07/1982,ltuzzolino@mocenigo.eu
926,Calogero,Agostinelli,20/11/2004,giorgia95@torlonia.net
927,Antonella,Marsili,04/04/1953,ctravia@colletti.it
928,Alessandra,Combi,12/04/1990,miccaraffaello@tin.it
929,Massimiliano,Vittadello,23/02/1991,zaira46@coardi-vergerio.com
930,Gaspare,Proietti,13/09/1975,torquatofilangieri@battisti.com
931,Tonia,Micheletti,29/02/2000,lidiabergoglio@hotmail.it
932,Adele,Argurio,17/07/1958,castiglionegalasso@lettiere-murialdo.it
933,Cassandra,Conti,18/02/1983,ysommaruga@yahoo.com
934,Manuel,Goldstein,05/10/1976,elisafolliero@gmail.com
935,Loredana,Ammaniti,31/01/1945,hsgalambro@schicchi.it
936,Leopoldo,Gremese,11/01/1993,fortunatamarzorati@tozzi.net
937,Vanessa,Cesaroni,02/04/1965,ccammarata@bonino-zamengo.com
938,Victoria,Briccialdi,02/12/1992,michele24@alice.it
939,Vittoria,Caironi,14/06/1964,pierogiannotti@gargallo-speri.com
940,Gemma,Argento,15/01/1985,zamato@botticelli.it
941,Ansaldo,Ceravolo,18/12/1934,morandibaldassare@gmail.com
942,Massimiliano,Verri,30/07/1940,erikaalbertini@alice.it
943,Fabrizio,Gianetti,09/03/1935,guinizzelliciro@tiscali.it
944,Lazzaro,Garzoni,28/11/1961,bonattimaura@alice.it
945,Maria,Bacosi,20/12/1976,giorgettigloria@tim.it
946,Tullio,Righi,07/08/1961,stefanellibenito@garzoni-endrizzi.it
947,Laura,Errani,16/12/1944,dmodigliani@aporti.eu
948,Alderano,Gelli,18/12/1998,ytarantino@hotmail.com
949,Mattia,Ioppi,22/04/1955,umarinetti@libero.it
950,Paloma,Basadonna,16/01/1967,ricciottipanicucci@cuomo.com
951,Lamberto,Cavanna,10/12/1979,aurora87@tin.it
952,Romana,Ravaglioli,20/07/1962,dariagori@tim.it
953,Puccio,Fabbri,27/01/1939,barbara58@tiscali.it
954,Lauretta,Lettiere,09/03/1999,nicola63@piacentini-galuppi.com
955,Micheletto,Sabatini,01/05/2003,nariasso@gentileschi.it
956,Marcella,Pincherle,08/03/1942,gargalloroman@pugliese.net
957,Napoleone,Leblanc,17/04/1983,morosinitiziana@scaramucci.com
958,Loredana,Ajello,02/02/1940,ttanzini@tele2.it
959,Maria,Catenazzi,01/07/1946,cmodigliani@vodafone.it
960,Mattia,Buonauro,30/04/1936,farandatonino@mengolo.it
961,Geronimo,Zamorani,15/04/1944,dionigibulzoni@gmail.com
962,Tiziano,Petrassi,06/07/1968,goffredotomasini@libero.it
963,Cristina,Paolini,14/12/1970,garibaldicristina@gentilini.com
964,Pompeo,Guarato,13/07/1936,xpizziol@libero.it
965,Antonietta,Gelli,14/01/1933,lillanaccari@iannotti.it
966,Adele,Brunello,19/05/1979,grazianoferrabosco@pedroni-medici.net
967,Achille,Basso,02/02/1937,giadabixio@pacomio.it
968,Aurora,Campise,02/11/1983,marcella75@gianvecchio-malipiero.net
969,Marta,Calvo,11/09/1977,giosueesposito@metella.it
970,Fiorino,Vivaldi,25/08/1967,lara22@gmail.com
971,Raffaele,Bulzoni,13/01/1983,paoletta08@libero.it
972,Sonia,Argenti,12/09/1953,pagnottolivio@hotmail.com
973,Francesca,Toscani,16/11/1972,dionigi81@farinelli.com
974,Arnaldo,Scotto,12/12/1939,bchindamo@ceravolo.com
975,Ranieri,Tornatore,02/12/1977,ugentileschi@tiscali.it
976,Mariana,Randazzo,20/02/1945,dsalgari@yahoo.com
977,Zaira,Donà,17/02/1971,villadicanibeatrice@libero.it
978,Antonia,Vigliotti,08/05/1956,ssanti@yahoo.com
979,Sebastiano,Ferrazzi,11/01/1982,rita84@virgilio.it
980,Gioacchino,Morandi,06/05/1967,guglielmodonati@libero.it
981,Sandro,Trussardi,06/01/1997,hriccati@piane-soffici.it
982,Fiamma,Montalti,15/05/1982,vanessa94@nicolucci.it
983,Giorgio,Peranda,02/01/1938,massimorizzoli@gmail.com
984,Pierangelo,Canova,24/09/1934,wcostalonga@santorio-gibilisco.eu
985,Paloma,Pausini,29/07/1984,cirillo29@libero.it
986,Giuseppe,Galuppi,16/03/1955,bassocostantino@tim.it
987,Lucio,Bevilacqua,23/04/1958,marissamodiano@zanzi.com
988,Lauretta,Brugnaro,18/07/1978,giacomo04@vercelloni.net
989,Ilaria,Littizzetto,22/08/1963,dossigiorgia@gmail.com
990,Daniele,Chigi,25/02/2005,beffaludovico@pepe.com
991,Orlando,Ughi,14/09/1998,enziomastandrea@zaguri-paltrinieri.it
992,Sandra,Gatto,17/05/1941,adrianocorrer@roncalli-flaiano.org
993,Gian,Tozzi,23/01/1996,francesca19@virgilio.it
994,Sonia,Polani,14/04/1936,tferrara@yahoo.com
995,Gaspare,Leblanc,29/05/1969,qomma@vodafone.it
996,Pellegrino,Pirandello,22/11/1991,silvio06@curatoli-aldobrandi.it
997,Filippo,Ceravolo,18/01/2005,bosiocorrado@tele2.it
998,Anita,Berrè,20/11/2001,foarnulfo@abba.it
999,Benedetto,Maderna,25/01/1984,beatricemezzetta@scarponi-anguissola.it
